Workbook

Sheet Paths
A1: Paste your paths here (one per row, starting at A2)
A2: file 38: apps/api/src/orgo/core/tasks/task-events.gateway.ts
A3: file 39: apps/api/src/orgo/core/tasks/task-events.service.ts
A4: file 40: apps/api/src/orgo/core/email/email.module.ts
A5: file 41: apps/api/src/orgo/core/email/email.service.ts
A6: file 42: apps/api/src/orgo/core/email/email-parser.service.ts
A7: file 43: apps/api/src/orgo/core/email/email-validator.service.ts
A8: file 44: apps/api/src/orgo/core/email/email.controller.ts
A9: file 45: apps/api/src/orgo/core/notifications/notification.module.ts
A10: file 46: apps/api/src/orgo/core/notifications/notification.service.ts
A11: file 47: apps/api/src/orgo/core/notifications/notification.controller.ts
A12: file 48: apps/api/src/orgo/config/org-profile.controller.ts
... A75: file 111: apps/api/src/orgo/domain/education/education.module.ts

Sheet Feuil1
A1: file 1: apps/api/src/orgo/core/functional-ids.ts
A2: file 2: apps/api/src/orgo/core/database/database.service.ts
A3: file 3: apps/api/src/orgo/core/database/repository-factory.service.ts
A4: file 4: apps/api/src/orgo/core/logging/log.service.ts
A5: file 5: apps/api/src/orgo/core/logging/logger.module.ts
A6: file 6: apps/api/src/orgo/core/validation/payload-validation.pipe.ts
A7: file 7: apps/api/src/orgo/core/validation/config-validation.service.ts
A8: file 8: apps/api/src/orgo/core/tasks/task.module.ts
A9: file 9: apps/api/src/orgo/core/tasks/task.service.ts
A10: file 10: apps/api/src/orgo/core/tasks/task.controller.ts
A11: file 11: apps/api/src/orgo/core/tasks/dto/create-task.dto.ts
A12: file 12: apps/api/src/orgo/core/tasks/dto/update-task-status.dto.ts
... A37: file 37: apps/web/src/orgo/hooks/useTaskEventStream.ts

Sheet Blocks
A1: Index | B1: Prefix 1 | D1: Path (from Paths sheet) | F1: Full block (auto)
A2: 1 | B2: Give full final code for this file, after finding context in previous conversation | D2: =Paths!A2 -> file 38: apps/api/src/orgo/core/tasks/task-events.gateway.ts | F2: =IF(D2<>"",B2&C2&D2&E2,"") -> Give full final code for this file, after finding context in previous conversationfile 38: apps/api/src/orgo/core/tasks/task-events.gateway.ts
A3: 2 | B3: =$B$2 -> Give full final code for this file, after finding context in previous conversation | D3: =Paths!A3 -> file 39: apps/api/src/orgo/core/tasks/task-events.service.ts | F3: =IF(D3<>"",B3&C3&D3&E3,"") -> Give full final code for this file, after finding context in previous conversationfile 39: apps/api/src/orgo/core/tasks/task-events.service.ts
A4: 3 | B4: =$B$2 -> Give full final code for this file, after finding context in previous conversation | D4: =Paths!A4 -> file 40: apps/api/src/orgo/core/email/email.module.ts | F4: =IF(D4<>"",B4&C4&D4&E4,"") -> Give full final code for this file, after finding context in previous conversationfile 40: apps/api/src/orgo/core/email/email.module.ts
A5: 4 | B5: =$B$2 -> Give full final code for this file, after finding context in previous conversation | D5: =Paths!A5 -> file 41: apps/api/src/orgo/core/email/email.service.ts | F5: =IF(D5<>"",B5&C5&D5&E5,"") -> Give full final code for this file, after finding context in previous conversationfile 41: apps/api/src/orgo/core/email/email.service.ts
A6: 5 | B6: =$B$2 -> Give full final code for this file, after finding context in previous conversation | D6: =Paths!A6 -> file 42: apps/api/src/orgo/core/email/email-parser.service.ts | F6: =IF(D6<>"",B6&C6&D6&E6,"") -> Give full final code for this file, after finding context in previous conversationfile 42: apps/api/src/orgo/core/email/email-parser.service.ts
A7: 6 | B7: =$B$2 -> Give full final code for this file, after finding context in previous conversation | D7: =Paths!A7 -> file 43: apps/api/src/orgo/core/email/email-validator.service.ts | F7: =IF(D7<>"",B7&C7&D7&E7,"") -> Give full final code for this file, after finding context in previous conversationfile 43: apps/api/src/orgo/core/email/email-validator.service.ts
A8: 7 | B8: =$B$2 -> Give full final code for this file, after finding context in previous conversation | D8: =Paths!A8 -> file 44: apps/api/src/orgo/core/email/email.controller.ts | F8: =IF(D8<>"",B8&C8&D8&E8,"") -> Give full final code for this file, after finding context in previous conversationfile 44: apps/api/src/orgo/core/email/email.controller.ts
A9: 8 | B9: =$B$2 -> Give full final code for this file, after finding context in previous conversation | D9: =Paths!A9 -> file 45: apps/api/src/orgo/core/notifications/notification.module.ts | F9: =IF(D9<>"",B9&C9&D9&E9,"") -> Give full final code for this file, after finding context in previous conversationfile 45: apps/api/src/orgo/core/notifications/notification.module.ts
A10: 9 | B10: =$B$2 -> Give full final code for this file, after finding context in previous conversation | D10: =Paths!A10 -> file 46: apps/api/src/orgo/core/notifications/notification.service.ts | F10: =IF(D10<>"",B10&C10&D10&E10,"") -> Give full final code for this file, after finding context in previous conversationfile 46: apps/api/src/orgo/core/notifications/notification.service.ts
A11: 10 | B11: =$B$2 -> Give full final code for this file, after finding context in previous conversation | D11: =Paths!A11 -> file 47: apps/api/src/orgo/core/notifications/notification.controller.ts | F11: =IF(D11<>"",B11&C11&D11&E11,"") -> Give full final code for this file, after finding context in previous conversationfile 47: apps/api/src/orgo/core/notifications/notification.controller.ts
A12: 11 | B12: =$B$2 -> Give full final code for this file, after finding context in previous conversation | D12: =Paths!A12 -> file 48: apps/api/src/orgo/config/org-profile.controller.ts | F12: =IF(D12<>"",B12&C12&D12&E12,"") -> Give full final code for this file, after finding context in previous conversationfile 48: apps/api/src/orgo/config/org-profile.controller.ts
A13: 12 | B13: =$B$2 -> Give full final code for this file, after finding context in previous conversation | D13: =Paths!A13 -> file 49: apps/api/src/orgo/config/config.controller.ts | F13: =IF(D13<>"",B13&C13&D13&E13,"") -> Give full final code for this file, after finding context in previous conversationfile 49: apps/api/src/orgo/config/config.controller.ts
A14: 13 | B14: =$B$2 -> Give full final code for this file, after finding context in previous conversation | D14: =Paths!A14 -> file 50: apps/api/src/orgo/config/feature-flag.controller.ts | F14: =IF(D14<>"",B14&C14&D14&E14,"") -> Give full final code for this file, after finding context in previous conversationfile 50: apps/api/src/orgo/config/feature-flag.controller.ts
... A201: 200 | B201: =$B$2 -> Give full final code for this file, after finding context in previous conversation | D201: =Paths!A201 -> 0 | F201: =IF(D201<>"",B201&C201&D201&E201,"") -> Give full final code for this file, after finding context in previous conversation0

Sheet Lists
A1: Prefix1 options | B1: Prefix2 options | C1: Suffix options
A2: Fetch information you need to code this file, but do not code it now. | B2: [INFO] | C2: - done
A3: Give full final code for this file, after finding context in previous conversation. | B3: [WARN] | C3: - pending
A4: File: | B4: [DEBUG] | C4: - error
